date,portfolio_daily_return,portfolio_cumulative_return
2008-02-11,0.0,1.0
2008-02-19,0.0,1.0
2008-02-21,0.0,1.0
2008-02-28,0.0,1.0
2008-03-05,0.0,1.0
2008-03-11,0.0,1.0
2008-03-17,0.0,1.0
2008-03-25,0.0,1.0
2008-03-31,0.0,1.0
2008-04-03,0.0,1.0
2008-04-04,0.0,1.0
2008-04-07,0.0,1.0
2008-04-10,0.0,1.0
2008-04-15,0.0,1.0
2008-04-18,0.0,1.0
2008-04-21,0.0,1.0
2008-05-15,0.0,1.0
2008-05-16,0.0,1.0
2008-06-20,0.0,1.0
2009-06-02,0.0,1.0
2009-06-03,0.0,1.0
2009-06-04,0.0,1.0
2009-06-05,0.0,1.0
2009-06-08,0.0,1.0
2009-06-09,0.0,1.0
2009-06-10,0.0,1.0
2009-06-11,0.0,1.0
2009-06-12,0.0,1.0
2009-06-15,0.0,1.0
2009-06-16,0.0,1.0
2009-06-17,0.0,1.0
2009-06-18,0.0,1.0
2009-06-19,0.0,1.0
2009-06-22,0.0,1.0
2009-06-23,0.0,1.0
2009-06-24,0.0,1.0
2009-06-25,0.0,1.0
2009-06-26,0.0,1.0
2009-06-29,0.0,1.0
2009-06-30,0.0,1.0
2009-07-01,0.0,1.0
2009-07-02,0.0,1.0
2009-07-03,0.0,1.0
2009-07-06,0.0,1.0
2009-07-07,0.0,1.0
2009-07-10,0.0,1.0
2009-07-14,0.0,1.0
2009-07-15,0.0,1.0
2009-07-17,0.0,1.0
2009-07-20,0.0,1.0
2009-07-22,0.0,1.0
2009-07-24,0.0,1.0
2009-07-27,0.0,1.0
2009-07-29,0.0,1.0
2009-08-04,0.0,1.0
2009-08-06,0.0,1.0
2009-08-10,0.0,1.0
2009-08-14,0.0,1.0
2009-09-14,0.0,1.0
2009-09-16,0.0,1.0
2009-09-18,0.0,1.0
2009-09-24,0.0005290819901892079,1.0005290819901893
2009-09-28,-0.000361466521315049,1.0001674242234477
2009-09-30,-0.0005350772889417351,0.9996322573496064
2010-01-13,0.0,0.9996322573496064
2010-01-25,0.00043062200956937684,1.0000627210010966
2010-02-12,0.0002955665024630546,1.0003583060417867
2010-02-15,0.0,1.0003583060417867
2010-02-17,-1.4705882352935295e-06,1.0003568349266307
2010-02-18,0.0,1.0003568349266307
2010-02-22,-0.00043977917888275405,0.999916898819177
2010-02-24,-0.00030340840926716,0.999613515623507
2010-02-25,-0.00016183099753734346,0.9994517471711218
2010-03-01,-0.000170454545454546,0.9992813860778541
2010-03-03,0.0002078818672778944,0.999489118558328
2010-03-04,-6.561506995034092e-05,0.9994235370098993
2010-03-05,-0.00042186236739345773,0.9990019178305475
2010-03-08,0.0010580752573277241,1.000058937041827
2010-03-09,0.00022801189234873226,1.0002869623725221
2010-03-11,0.008408569589014557,1.0086979449046154
2010-03-12,0.0024448489245085213,1.0111640589903694
2010-03-16,0.005586598311746971,1.0168130264152242
2010-03-24,0.00039840423331558304,1.0172181290294384
2010-03-26,0.01002075863370446,1.0274114263782708
2010-03-29,0.004229338632334343,1.0317566972151542
2010-03-31,0.002795499426843145,1.0346409724708607
2010-04-01,0.0012415256737479143,1.0359255058012948
2010-04-08,0.00861821518362216,1.044853334724493
2010-04-09,0.004134131629016882,1.0491728959432614
2010-04-12,0.00683646112600536,1.056345525660836
2010-04-13,0.0,1.056345525660836
2010-04-14,-0.0011628378162705537,1.0551171671365493
2010-04-15,-3.716034666501064e-05,1.0550779586168464
2010-04-16,0.0029566147976761636,1.0581974177219948
2010-04-26,-0.005657797783641843,1.052210350717352
2010-04-30,-0.00047393364928910003,1.0517116728260167
2010-05-07,0.0014285714285714218,1.0532141180729109
2010-05-18,-0.004346272486526173,1.0486365625291096
2010-06-01,-0.009413923042901357,1.038764778629488
2010-09-29,-0.009349335049115814,1.0290530186768603
2010-10-08,0.0029050430933382243,1.0320424620414463
2010-10-15,0.004041950350396487,1.036213926432519
2010-10-29,0.00041914697133301637,1.0366482523614362
2010-11-11,-0.011988230635808797,1.0242206740239193
2010-11-24,0.000553619744189428,1.0247877028114658
2010-12-01,0.001976625287748632,1.0268133240994168
2010-12-15,-0.005908169157457946,1.0207467372875059
2010-12-21,0.002306778879294598,1.0231013743021895
2010-12-22,0.0013282430502730058,1.0244603015923313
2011-01-25,0.01165647674220922,1.0364018992711588
2011-02-08,-0.0009743631146803636,1.0353920674885242
2011-02-14,0.0016109496972030598,1.0370600320261312
2011-02-18,-0.0009897091805820628,1.0360336441916203
2011-03-04,-0.01698113207547168,1.01844062004497
2011-03-11,-0.0034775527185110133,1.0148989390980907
2011-03-18,-0.020238939829735805,0.9943584605364217
2011-03-29,-0.00014338188573434802,0.9942158875452541
2011-04-04,-0.004029998627637564,0.9902091988828713
2011-04-08,0.0009949301168272011,0.9911943878367993
2011-05-16,0.0068482005546953864,0.9979822857933943
2011-06-08,-0.0020053215018668194,0.9959810104572107
2011-07-01,-0.0040910733265817276,0.9919063791115472
2011-07-26,-0.004784751603124398,0.9871603534739439
2011-08-02,-0.0020577455468698135,0.9851290286525365
2011-08-19,1.6016379734675735e-05,0.9851448068531471
2011-11-01,-0.008540372670807454,0.9767313030679106
2012-01-10,-0.011908751293636572,0.9650996528989653
2012-01-12,-0.005593780205333045,0.9597010975644052
2012-05-09,-0.0009934327795949843,0.9587476990354715
2013-01-02,0.010004821600771457,0.9683397987244716
2013-01-09,0.0027516364213250556,0.9710043177828606
2013-01-15,0.0032081436237217193,0.9741194390935619
2013-01-18,0.0037432773921835987,0.9777658383672073
2013-01-22,0.002517391721885458,0.9802272579946554
2013-01-28,0.004217090897138143,0.9843609654414713
2013-02-01,0.0014674309244573254,0.9858054471629888
2013-02-07,0.004302543642124721,0.9900469181220518
2013-03-01,-0.0024993323297926415,0.9875724618515779
2013-03-15,0.0004202370948980635,0.9879874764339477
2013-06-19,0.0061032507212873885,0.9940174117121162
2013-07-03,-0.0036814963837561655,0.9903579402055074
2013-07-26,0.003385979381568744,0.993711271771416
2013-08-01,0.0,0.993711271771416
2013-08-05,0.0019930481008351426,0.9956917861343987
2013-08-22,0.0,0.9956917861343987
2013-09-05,-0.005611560434344844,0.9901044015025248
2013-09-20,-9.321358842710601e-05,0.9900121103183432
2013-09-27,-0.0002956799625713007,0.9897193835746192
2013-10-14,0.0023319810859413186,0.9920273904575047
2013-10-17,0.0002674833633286078,0.9922927412804184
2013-10-23,0.0011714451904618762,0.9934551578397216
2013-10-28,0.00010672378757579809,0.993561183136953
2013-10-31,-0.00021848428170434612,0.993344105635526
2013-11-01,0.0005161743581330828,0.9938568443916577
2013-11-05,-4.077491365937865e-05,0.9938163199646378
2013-11-15,0.0,0.9938163199646378
2013-11-18,0.0,0.9938163199646378
2013-11-27,5.120952932948021e-05,0.9938672128306232
2013-11-29,-0.0003290616608996063,0.9935401692348554
2013-12-06,0.0005495258645085935,0.9940861452552782
2013-12-12,0.0004954143224081746,0.9945786297693451
2013-12-17,-0.00018661871025782344,0.9943930227882075
2013-12-23,0.00022804486438886406,0.9946197890102384
2013-12-24,0.0005390773756711603,0.9951559660358887
2013-12-27,0.0005041367548493223,0.9956576607351749
2013-12-30,0.0032985144022953817,0.9989418518688656
2013-12-31,0.0,0.9989418518688656
2014-01-02,0.0015460383466356265,1.0004862542779143
2014-01-03,-0.0005510171475721997,0.9999349691958969
2014-01-06,5.644048664241705e-05,0.999991406012169
2014-01-07,-0.0010003779168425181,0.9989910366925621
2014-01-08,-0.0011503628887979476,0.9978418344777091
2014-01-09,9.02965613848893e-05,0.9979319361641685
2014-01-10,0.0005715225503370999,0.998502276769388
2014-01-15,-0.0012226801275671472,0.9972814278782516
2014-01-16,0.00013813527975166425,0.9974191876272827
2014-01-17,-6.820650161499714e-05,0.9973511571538509
2014-01-20,0.0002706130918000906,0.9976210534340986
2014-01-21,0.00048342127003284487,0.9981033246707612
2014-01-22,5.0131585527587785e-05,0.9981533611729474
2014-01-23,0.005100806451612892,1.0032447482773175
2014-01-28,-0.0011639548535903198,1.0020770166832211
2014-01-30,-0.002897388843831442,0.9991736099144233
2014-01-31,0.0002943054267739108,0.9994676721301103
2014-02-03,0.011365938787405007,1.0108275605115313
2014-02-04,0.0008025838176296709,1.0116388343540121
2014-02-05,0.00012919155968993656,1.0117695295528653
2014-02-10,0.001862331890506024,1.0136537802135939
2014-02-11,-0.0002481227243144129,1.0134022696761358
2014-02-13,-0.0033273317973310595,1.010030344080755
2014-02-14,-0.002471636369319598,1.0075339163482087
2014-02-17,-6.732602061513516e-06,1.0075271330232864
2014-02-18,0.002553353792160734,1.0100997062490962
2014-02-21,-0.00031046259279540506,1.009786108075312
2014-02-24,0.001177415311502191,1.0109750457003024
2014-02-27,0.001038388177048683,1.0120248302350487
2014-03-03,-0.00020012266116512843,1.0118223011328569
2014-03-05,0.00010191332688456478,1.0119254193097813
2014-03-06,-0.00039611414903225565,1.0115245813334273
2014-03-07,0.0005646721107922277,1.012095761053887
2014-03-10,0.00144691358024691,1.013560176155066
2014-03-11,-0.0013486725128538555,1.0121932154053626
2014-03-13,-0.001389556231779219,1.0107867160151314
2014-03-18,-0.0057380242857110126,1.0049867972909625
2014-03-20,-0.0044211791690090445,1.0005435705976506
2014-03-21,0.0005327621823112649,1.0010766223738197
2014-03-24,-0.0005741488565807741,1.0005018553757339
2014-03-25,0.001521808104707876,1.00202442720802
2014-03-26,0.0007185161460740433,1.0027443979377297
2014-03-27,0.0007914726495622354,1.003538042703199
2014-04-01,0.0009464450999913965,1.0044878363663705
2014-04-04,0.014791028554490668,1.0193452446367042
2014-04-11,0.0035714285714285718,1.0229857633675494
2014-04-17,0.0019806303966955195,1.025011920065862
2014-04-22,0.0,1.025011920065862
2014-04-23,-0.0013736310351492552,1.0236039318810617
2014-04-25,0.00029761904761904624,1.0239085759084072
2014-04-28,-0.0003110766228746145,1.0235900618864813
2014-04-30,-0.0014618644067796675,1.0220937120078761
2014-05-02,-0.0025485356251755313,1.0194888697705562
2014-05-05,-0.0013190314358538654,1.0181441319028257
2014-05-16,0.0,1.0181441319028257
2014-07-04,0.003968059901289315,1.0221841888063623
2014-07-09,0.0015267271037719945,1.0237447851124601
2014-07-10,0.00043473524304864046,1.024189843050436
2014-07-11,0.000608310088325021,1.0248128680643234
2014-07-14,0.00020438027807175883,1.02502231960327
2014-07-16,-8.514061178175738e-05,1.024935048575889
2014-07-17,0.00019379439523746484,1.0251336752437854
2014-07-18,-0.00010478571731610982,1.0250262558762802
2014-07-21,-0.0003512742605635742,1.024666190536189
2014-07-23,-0.00045953704125053634,1.0241953184667205
2014-07-25,-0.00018958185324662624,1.024001149620159
2014-07-30,-0.0003789650665564708,1.0236130889563395
2014-07-31,-5.549913604391663e-05,1.0235562793142592
2014-08-01,7.392826587216048e-05,1.0236319490550114
2014-08-04,-6.078343247610569e-05,1.0235697291915558
2014-08-05,0.0009719824017595107,1.0245646209553037
2014-08-07,0.0007105499173266828,1.0252926252620194
2014-08-08,-0.00010559123023193756,1.0251843633523703
2014-08-13,-0.0010477956791758397,1.0241101796060912
2014-08-15,-0.0010373695303342557,1.0230477989100626
2014-08-18,0.0004367508712721859,1.0234946159275897
2014-08-19,0.0004022545622759339,1.0239063213063115
2014-08-20,4.0956188387980175e-05,1.0239482566064988
2014-08-21,0.00012129133913902553,1.0240724526617517
2014-08-22,-0.0002675486215778439,1.0237984634886463
2014-08-26,-0.000570162101619254,1.023214732405069
2014-08-27,6.651737066736143e-05,1.0232827939586968
2014-08-28,0.0006170537232147628,1.0239142144166107
2014-08-29,0.0007423004552761278,1.024674266404136
2014-09-01,-0.0002748219552936493,1.0243926634187037
2014-09-03,-0.0005280631779694127,1.0238517193733703
2014-09-05,0.0016320476852377489,1.0255226942020004
2014-09-08,-0.0004869042140529058,1.0250233628805865
2014-09-09,0.0004284331577623359,1.0254625168767257
2014-09-10,-4.5226225101490464e-05,1.0254161390781042
2014-09-11,0.000552213408008363,1.0259823876188912
2014-09-12,0.00022420932012845422,1.026212422432483
2014-09-15,0.00015670112152061234,1.0263732310699965
2014-09-16,-0.00022857539720765163,1.0261386274010214
2014-09-19,0.0030917214072925404,1.0293111621622069
2014-09-22,-0.00019068425459020075,1.0291148887305086
2014-09-24,-0.0010609014854690236,1.0280230992163362
2014-09-25,-0.00038547807175429415,1.0276268188543314
2014-09-26,0.0007541160420259219,1.0284017687236455
2014-09-30,0.0004990973797629416,1.0289150413517592
2014-10-02,5.4745929300294145e-05,1.028971370261869
2014-10-03,0.0013853290064371002,1.0303968341478862
2014-10-08,0.0006826716544025544,1.031100256859345
2014-10-09,-0.0005585042907645275,1.0305243829416806
2014-10-14,0.00033530882524905386,1.0308699268619153
2014-10-15,-0.0007825830324896775,1.0300631855484492
2014-10-16,-0.0013858826968586215,1.0286356388029265
2014-10-17,-0.0007813297657203793,1.027831935160249
2014-10-23,0.0005765089720090269,1.0284244894925862
2014-10-24,-1.4183171335309369e-05,1.0284099031718463
2014-10-29,9.372228787608278e-05,1.028506288100846
2014-10-30,-0.00014502340472436688,1.0283571306171653
2014-11-03,-0.0003691273966849909,1.027977535826678
2014-11-04,-0.0010717241761677575,1.0268758274489753
2014-11-06,-0.0021780733345391117,1.0246392165913258
2014-11-07,-0.0011428704672939193,1.0234681866910524
2014-11-10,-0.00014698965089572443,1.0233177474595878
2014-11-11,0.0006001104743859846,1.0239318511584634
2014-11-12,9.762104878329871e-05,1.024031808459656
2014-11-13,0.0005836898632225764,1.0246295254458713
2014-11-14,0.0003137581184171428,1.02495101127785
2014-11-17,-0.00030860374865824376,1.0246347075535784
2014-11-18,6.185791867446147e-05,1.0246980893239892
2014-11-27,-0.0006293621085760366,1.0240531831738384
2014-11-28,0.000650955368087101,1.0247197960906322
2014-12-01,0.0005504394595303688,1.0252838423013624
2014-12-04,0.0008166544778933297,1.0261211449422896
2014-12-05,-0.00014462280116929113,1.025972744427969
2014-12-11,-0.0009548580922458488,1.0249930860505283
2014-12-12,-0.000784011232479385,1.024189479957851
2014-12-15,0.0005283076911877069,1.0247305671373463
2014-12-18,-0.00912162162162162,1.0153833626398097
2014-12-19,0.0,1.0153833626398097
2018-08-07,-0.002272727272727273,1.0130756731792645
2018-08-16,0.0,1.0130756731792645
2018-09-12,0.00013742556115437407,1.013214895672143
2018-09-27,-0.001022110972048394,1.0121792776102336
2018-11-19,-0.0027013159509869824,1.0094450615823667
2018-12-20,-0.0001234372874260558,1.0093204584221593
2018-12-28,0.0009080590027347912,1.010236980951074
2019-01-03,0.0007429875983128344,1.0109875744992778
2019-01-22,-0.0001743157888211422,1.0108113434027406
2019-02-12,0.0021243874093238896,1.0129586982938672
2019-02-13,0.0032756339628674047,1.0162767802089805
2019-02-15,0.0029150453182127983,1.019239273079137
2019-02-18,-0.001871042550613479,1.0173322330299497
2019-04-08,-0.007316166185177176,1.0098892613475652
2019-04-17,0.0009517814041084136,1.0108504551667246
2019-04-25,0.001460472574060937,1.0123267745329727
2019-05-03,-0.0033382448259748954,1.008947379915692
2019-05-16,-0.0047831133970712356,1.0041214701858774
2019-08-06,-0.007531420060552323,0.9965590096020882
2019-10-15,0.008270676691729323,1.004801226974737
2019-12-17,0.003239732433310394,1.0080565140987972
2020-01-07,0.004696735703102328,1.0127910891193097
2020-01-10,0.0026861925844050357,1.0155116410324536
2020-01-24,-0.0009548170121917424,1.014542013241517
2020-03-20,-0.014272804752483393,1.0000616531733295
2020-03-24,-0.004532984439026238,0.995528389261428
2020-03-26,0.003776478538184224,0.9992879808576268
2020-03-30,0.00010046938191728038,0.999388378703421
2020-04-01,-0.0005503789603887717,0.9988383363665256
2020-04-07,0.0016098251246695902,1.0004462914158918
2020-04-08,0.0,1.0004462914158918
2020-04-09,0.0,1.0004462914158918
2020-05-14,0.006700441437954635,1.0071497232033428
2020-05-15,0.0,1.0071497232033428
2020-05-20,0.005819963078974253,1.0130112974073853
2020-06-01,0.006289854944627369,1.0193829915253465
2020-06-02,0.000649715845486881,1.0200453008075603
2020-06-03,-0.0011018797004362878,1.018921333597075
2020-06-04,-0.0016945087066138546,1.0171947625259403
2020-06-05,0.002946594215721293,1.0201920227294612
2020-06-10,0.001007065592757453,1.0212194230135576
2020-06-11,0.0024366513032657894,1.023707778651564
2020-06-15,-0.0044060472493975215,1.0191972738092494
2020-06-17,-0.004256867755129103,1.0148586857982553
2020-06-18,-0.0001660156575886921,1.0146902033661729
2020-06-19,-0.0015900198735733738,1.0130768257773004
2020-06-24,-0.004794551282051279,1.0082195769834534
2020-06-25,0.002183815016593267,1.0104213420356933
2020-06-29,0.0031861096039066767,1.0136406551775456
2020-07-01,-0.0007672168111706217,1.0128629730264074
2020-07-05,-0.0023443921234520505,1.0104884250503081
2020-07-06,0.00020807833537331836,1.0106986857997065
2020-07-14,-0.0010046999513162553,1.009683236879288
2020-07-20,7.329155078228094e-05,1.0097572381295177
2020-07-24,0.0017111190463125919,1.011485052971833
2020-07-27,0.0002652099079548007,1.0117533088296293
2020-07-28,0.0004416720550799431,1.012200171992774
2020-07-29,4.568991775814877e-05,1.012246419335387
2020-08-03,0.00012049967810229345,1.0123683947030773
2020-08-04,0.0003471887783164981,1.0127198776492403
2020-08-05,0.0006374121757874745,1.013365397629916
2020-08-10,0.0014692048755682065,1.0148542390128459
2020-08-11,-0.00013594552481135608,1.0147162741207163
2020-08-12,0.0013422852193275866,1.0160783127772797
2020-08-13,-7.161458333333313e-05,1.016005546752276
2020-08-14,-0.0003900106724582812,1.0156092937457657
2020-08-18,-0.0005097588795035595,1.0150915778901726
2020-08-19,2.661061764322501e-05,1.0151185901040247
2020-08-24,0.001065945017795089,1.0162006507076171
2020-08-25,-0.0018863229306776712,1.0142837681180177
2020-08-26,2.8085811740167677e-05,1.01431225510098
2020-08-27,0.00029376739962283467,1.0146102269745665
2020-08-28,0.00026268152817288386,1.014876746339488
2020-08-31,0.00021689168823960719,1.0150968646703569
2020-09-01,0.0008999847728381418,1.016010436391516
2020-09-02,-0.0003330838717269281,1.0156720197016476
2020-09-03,0.00047521849535525287,1.0161546858306245
2020-09-04,0.0008546952521547,1.0170231884160585
2020-09-07,-0.0003435658873100461,1.0166737739419156
2020-09-08,-0.0008920696273595502,1.0157668301472491
2020-09-09,-0.0008031418142173644,1.0149510253324627
2020-09-10,-0.0007763023822859993,1.0141631164335936
2020-09-11,0.0007402733910792427,1.0149138744029034
2020-09-14,-0.0001236544151674887,1.0147883758213188
2020-09-15,0.0001974863222504438,1.0149887826455222
2020-09-16,-0.002083623445515754,1.0128739282210666
2020-09-17,-0.00032314826309793324,1.0125466197704247
2020-09-18,0.0004219877862194283,1.0129739020769457
2020-09-21,0.00013159842383490264,1.0131072078458447
2020-09-22,-0.0004756045367507262,1.0126253694615783
2020-09-23,0.0013795793712070045,1.0140223665320485
2020-09-24,0.0023371160530667053,1.0163922544830393
2020-09-25,0.0013331813317898494,1.017747289662492
2020-09-28,-0.00039548282872892376,1.017344788085445
2020-09-29,-0.0002821750050751886,1.0170577188147036
2020-09-30,-0.00012746754209141422,1.0169280769671212
2020-10-02,-0.00014228756498268304,1.016783380747287
2020-10-05,0.0035662355671965884,1.0204094698038424
2020-10-06,0.005261668862018152,1.0257785265376178
2020-10-07,3.369041859809374e-05,1.0258130854455658
2020-10-08,0.00045922842827125033,1.026284167976495
2020-10-09,-0.0007992851317288164,1.0254638743001026
2020-10-12,-0.0009238123566286584,1.0245165381017478
2020-10-13,0.00034376873187484165,1.0248687348528358
2020-10-14,0.0009282294742708729,1.025820048219785
2020-10-15,0.0001483318551796228,1.025972210010618
2020-10-16,0.004709287938944624,1.0308038085649132
2020-10-19,-0.00023037365814401018,1.0305663385207053
2020-10-20,0.0006519201845269245,1.031238185518281
2020-10-21,-0.0034280039644386663,1.0277030969300438
2020-10-22,0.0010609157497911,1.0287934033316861
2020-10-23,0.0015214427778469178,1.0303586536250817
2020-10-26,0.0002871649684577666,1.03065453653535
2020-10-27,0.004171447590062072,1.034953857917967
2020-10-28,0.004576836662355525,1.039690672678732
2020-10-30,0.007165198566793217,1.047140262796518
2020-11-02,0.00023507647779182536,1.0473864208412502
2020-11-03,0.0005576900146624494,1.0479705377896464
2020-11-04,0.0010718643266789372,1.0490938200245137
2020-11-05,0.0011191182381873315,1.0502678800520728
2020-11-06,0.003590936244297383,1.0540393250487732
2020-11-09,0.008759137982575431,1.0632718009359359
2020-11-10,0.004863300171405966,1.068442810867679
2020-11-11,0.009597846126090109,1.0786975605609141
2020-11-12,0.015146600214842123,1.0950361612634558
2020-11-13,-0.0034601302400662256,1.0912471935279022
2020-11-16,-0.009513722549807303,1.0808653704954219
2020-11-17,-0.004619858075181376,1.0758719258853546
2020-11-18,0.006334502943757884,1.0826870397669819
2020-11-19,-0.000653879881792628,1.0819790924934005
2020-11-20,-0.0029371520816874443,1.0788011553495414
2020-11-23,-0.011093728473020271,1.066833228255713
2020-11-24,0.0006194805288331171,1.0674941106681295
2020-11-25,0.006467871959882831,1.0743985258938598
2020-11-26,0.0016858013630135925,1.0762097483932316
2020-11-27,0.0007405619631703953,1.0770067483972847
2020-11-30,-0.0033498280139310434,1.0733989610203107
2020-12-01,0.0012133344588514815,1.074701352967812
2020-12-02,-0.001171070047151478,1.0734428024037184
2020-12-03,-0.0016430783795975778,1.0716790517433543
2020-12-04,-0.00032631136396374784,1.0713293506902486
2020-12-07,0.0008440622697967483,1.072233619373692
2020-12-08,-0.0004181621462310311,1.0717852518621538
2020-12-09,-0.001108296532638571,1.0705973959837818
2020-12-10,-0.008859659795857573,1.0611122672770346
2020-12-11,0.0031999750417218706,1.0645078000487862
2020-12-14,0.0006799039730653122,1.0652315631313984
2020-12-15,0.0003442049130808434,1.0655982210689972
2020-12-16,0.003586719471326724,1.0694202229571166
2020-12-17,0.0011079354810666175,1.070605071566301
2020-12-18,0.0031260598929975037,1.073951847141764
2020-12-21,0.00201784019699484,1.0761189103485633
2020-12-22,0.00018694817266606223,1.0763200888124242
2020-12-23,0.0021008896446272013,1.0785813185413147
2020-12-24,0.0016489589547112593,1.0803598548649076
2020-12-29,0.001530728935909968,1.0820135929559447
2020-12-30,0.0010984753148649915,1.0832021581781552
2020-12-31,0.0003851846313681402,1.08361939100215
2021-01-04,0.006443282349050059,1.0906014566972826
2021-01-05,-0.0014953803414026392,1.0889705927186324
2021-01-06,-0.00047939729352875605,1.0884485431637507
2021-01-07,0.0008656962277220028,1.089390808961637
2021-01-08,0.001827687273329362,1.0913818746788582
2021-01-11,0.0021003933005121797,1.0936742058567341
2021-01-12,0.0007380819741410196,1.0944814270736598
2021-01-13,-0.00020439072611362516,1.0942577252200623
2021-01-14,0.0025500615676570942,1.0970481497902578
2021-01-15,0.0015150051591933636,1.0987101833970736
2021-01-18,0.001188413503750532,1.100015905415731
2021-01-19,-0.0002185076336171909,1.0997755435432974
2021-01-20,0.002055134543777448,1.1020357302532349
2021-01-21,-0.0021703781135486737,1.0996438960239445
2021-01-22,-0.0018572107318388488,1.0976016255790477
2021-01-25,-0.0009393141620998865,1.0965706328277975
2021-01-26,-0.0005533674907129852,1.09596382628832
2021-01-27,0.002639013486665198,1.098856089606792
2021-01-28,0.0011135019186092614,1.1000796679708447
2021-01-29,0.0018255975032392445,1.1020879706660565
2021-02-01,0.0007057535718081752,1.1028657731878009
2021-02-02,-0.0038306617236476504,1.0986410674841294
2021-02-03,-0.001410157782525488,1.0970918102326146
2021-02-04,-0.002123941516316671,1.0947616513896505
2021-02-05,-0.0034391018374084928,1.090996654582832
2021-02-08,0.00020430922373028472,1.0912195552624222
2021-02-09,-0.0006698675366025352,1.090488582707046
2021-02-10,-0.004498958847075999,1.0855825194502409
2021-02-11,-0.00481654278116275,1.0803537648028263
2021-02-12,0.0011647977690930446,1.0816121584578997
2021-02-15,0.002434136248573287,1.0842449498196998
2021-02-16,0.000682713228475347,1.0849851781898492
2021-02-17,-0.0009719718704326655,1.0839306031168123
2021-02-18,-0.0025865951025879686,1.0811269135272452
2021-02-19,0.0014301285009901132,1.082673063939468
2021-02-22,-0.0017915909083315404,1.0807333567214186
2021-02-23,-0.0005956134779665864,1.0800896573680672
2021-02-24,-0.0006087750866162015,1.0794321256933497
2021-02-25,-0.0013700375907024166,1.0779532631045379
2021-02-26,-0.0007606409753161007,1.0771333276831447
2021-03-01,-0.000885562826460022,1.0761794584490074
2021-03-02,-9.879529772664436e-05,1.0760731369790026
2021-03-03,-0.00033421175022300156,1.075713500692525
2021-03-04,-0.003226482116803921,1.072242730319736
2021-03-05,-0.0008287084790692354,1.0713541536774995
2021-03-08,-0.0013832765129426956,1.0698721746396738
2021-03-09,-0.0009335492358776759,1.0688733962885522
2021-03-10,-0.0010574453870791267,1.0677431210462753
2021-03-11,0.0002723212196231763,1.0680338901552429
2021-03-12,-0.00030973113338813733,1.067703086807948
2021-03-15,-0.00045526818273178683,1.06721699556392
2021-03-16,0.0005392348321425785,1.0677924761413826
2021-03-17,0.0001259559154295984,1.067926970920204
2021-03-18,4.7343285184724743e-05,1.0679775300913446
2021-03-19,0.00030131964809384235,1.0682993327048838
2021-03-22,0.0,1.0682993327048838
2021-03-23,0.0004332907298835158,1.0687622169024855
2021-03-24,0.0002635064139048193,1.0690438426015783
2021-03-25,0.0,1.0690438426015783
2021-03-26,0.000286320822035107,1.0693499321133835
2021-03-29,0.0002053571428571427,1.0695695307601567
2021-03-30,7.603277857565263e-05,1.0696508531034603
2021-03-31,0.000683829827733891,1.0703823122620735
2021-04-01,0.000713545403810889,1.0711460786413087
2021-04-06,-0.0005935786541562821,1.070510269193544
2021-04-07,-4.349717268377526e-05,1.070463705023505
2021-04-08,7.334389485418434e-06,1.070471556221248
2021-04-09,-0.0009209444457389737,1.0694857113872245
2021-04-12,-0.0004931275729238367,1.0689583184940914
2021-04-13,-0.000809414242567541,1.0680930884063913
2021-04-14,0.0003214495426406089,1.0684364264411572
2021-04-15,9.749887009051787e-05,1.068540597785499
2021-04-16,0.0006533303192217115,1.0692387077553516
2021-04-19,-3.647887582322802e-05,1.069199703129306
2021-04-20,0.0003890775325410294,1.069615704711593
2021-04-21,-0.0005204562113079216,1.0690590165743634
2021-04-22,-6.250512039668631e-05,1.0689921949118213
2021-04-23,0.0004087898777385831,1.0694291881004827
2021-04-26,2.3696961185419463e-05,1.0694545303224436
2021-04-27,-6.42495643299358e-05,1.0693858183347997
2021-04-28,-0.0008256888753552958,1.068502838361138
2021-04-29,0.00021140699100000995,1.0687287273310708
2021-04-30,-0.0008059302951505951,1.067867406472417
2021-05-03,0.0,1.067867406472417
2021-05-04,0.002233442337029927,1.0702524267483666
2021-05-05,-0.0015749009445265379,1.068566885190599
2021-05-06,0.0008724662232344775,1.0694991737051947
2021-05-07,-0.0014698881527375036,1.067927129540403
2021-05-10,-0.0004651917767137516,1.067430338621611
2021-05-11,0.0003698078991211849,1.067825082792595
2021-05-14,0.00017147324497446053,1.0680081862246067
2021-05-17,0.0004107146281916656,1.0684468328097176
2021-05-18,-0.000777796838708175,1.0676157982408305
2021-05-19,0.0009143287473352895,1.0685919500562713
2021-05-20,-0.00065427902443516,1.0678927927576691
2021-05-21,-0.0003410721790775634,1.067528564235822
2021-05-24,-0.00022373962251457836,1.0672897157978365
2021-05-25,-7.070175897862253e-05,1.0672142565375897
2021-05-26,0.0003386879786031425,1.067575709176873
2021-05-27,-0.0003038270232165531,1.0672513508270955
2021-05-28,0.0007910617768456951,1.0680956125770218
2021-05-31,0.00010866309472564486,1.0682116751517472
2021-06-01,0.0006771380932981126,1.0689350019686983
2021-06-02,-0.000981509760410271,1.0678858318310218
2021-06-03,0.0011092470806710023,1.0690703810724704
2021-06-04,0.0009456038706616868,1.0700812981628223
2021-06-07,0.0007463724401815451,1.0708799773525246
2021-06-08,0.000752881404506329,1.0716862229739315
2021-06-09,0.0014225737472797941,1.0732107756600555
2021-06-10,0.00039459482363301,1.0736342590767982
2021-06-11,0.0009321329387337752,1.0746350289338367
2021-06-15,-0.0015615179487153455,1.0729569670478383
2021-06-16,0.00014020864144346316,1.0731074048865155
2021-06-17,0.00017673638436983198,1.0732970620092956
2021-06-18,0.0009438395474972362,1.0743100822226326
2021-06-21,-0.00038421108545795037,1.0738973203798234
2021-06-22,-0.00014236006670011552,1.073744440285665
2021-06-23,-5.930907465018754e-05,1.0736807574965008
2021-06-24,0.00028073316648259125,1.0739821752953445
2021-06-25,0.0018490187742095643,1.075967988500632
2021-06-28,-9.982569737050203e-05,1.0758605792458313
2021-06-29,0.0015991252215461736,1.0775810150329705
2021-06-30,0.0003407113128265989,1.0779481590752795
2021-07-01,0.0006031699712900789,1.078598345035441
2021-07-02,5.1318656117039936e-05,1.0786536972529983
2021-07-05,0.00010131373837156636,1.0787629796914755
2021-07-06,0.0021071974920935845,1.0810361463368447
2021-07-07,0.0011380884626992814,1.0822664611027515
2021-07-08,-0.000799065136662451,1.0814016597051053
2021-07-09,-0.001099712426614135,1.0802124288617665
2021-07-12,-0.00021171961974388942,1.0799837266970853
2021-07-13,-0.0006572428649684279,1.0792739150984316
2021-07-14,-0.0006064040413967752,1.0786194390345418
2021-07-15,-0.00030337480139275687,1.0782922130764463
2021-07-16,0.00022579215238245317,1.0785356829961341
2021-07-19,0.002461820882399469,1.081190844662947
2021-07-22,0.0024216308991548427,1.0838090898202661
2021-07-23,0.002528084018462297,1.086549050259305
2021-07-26,0.002802593792351206,1.0895942058826469
2021-07-27,0.0022102827142316,1.0920025171214363
2021-07-28,0.00045540706302313214,1.0924998227805724
2021-07-29,-0.001821780335779874,1.0905095280865877
2021-07-30,4.481392757200924e-07,1.0905100167867379
2021-08-02,-0.0010705165524580022,1.0893426077631463
2021-08-03,-0.0014990725267536688,1.0877096041876264
2021-08-04,0.0002181289718400053,1.0879468651652482
2021-08-05,0.00011542865462690097,1.0880724454081998
2021-08-06,6.719184646140486e-05,1.0881455550048906
2021-08-09,0.00018735134648538584,1.088349420539793
2021-08-10,0.0003361818379184468,1.0887153038482875
2021-08-11,9.233890564655675e-05,1.0888158346280057
2021-08-12,-0.0005473477309715894,1.088219873751476
2021-08-13,0.001562550227416422,1.0899202719626855
2021-08-16,0.0003445378786612847,1.0902957907810975
2021-08-17,-4.842193408168528e-05,1.0902429965501867
2021-08-18,0.001017462757029853,1.0913522781952891
2021-08-19,0.0018236918046462198,1.0933425684010158
2021-08-20,0.0004860812607086084,1.0938740217350507
2021-08-23,0.0008454008798011426,1.094798783795417
2021-08-24,-0.001106131149951622,1.0935877927577318
2021-08-25,0.0002443848760081402,1.0938550490748689
2021-08-26,0.00039459683183673257,1.0942866808117222
2021-08-27,0.0003921809800481485,1.0947158392346568
2021-08-30,0.0011286645054679094,1.0959514061459745
2021-08-31,-0.0006365564006717453,1.095253771263567
2021-09-01,-0.0006106997498474917,1.0945849000594368
2021-09-02,-0.0006397459379771638,1.0938846438158527
2021-09-03,-0.0003100793619256406,1.093545452763478
2021-09-06,0.0004235995543589845,1.0940086781299398
2021-09-07,0.0003778837901126389,1.0944220862756477
2021-09-08,0.0004035692375316687,1.0948637613625438
2021-09-09,-0.0009699035424285694,1.0938018491219217
2021-09-10,-0.0002395883840954768,1.09353978690437
2021-09-13,-0.0006646364157431241,1.0928129805399294
2021-09-14,0.0004573885634817295,1.0933128206992528
2021-09-15,0.0007104160979116243,1.0940895277271308
2021-09-16,-0.0006743128889369453,1.0933517690569334
2021-09-17,-0.0002474313348898985,1.0930812395692113
2021-09-20,0.0007485326756032148,1.0938994465941176
2021-09-21,9.099473227954258e-05,1.0939989856814012
2021-09-22,-7.98882185854001e-06,1.093990245918391
2021-09-23,0.00043785417771888843,1.09446925411795
2021-09-24,0.00043226351933452065,1.0949423532495384
2021-09-27,0.0009516320729569986,1.0959843355109296
2021-09-29,-0.0003127139434119262,1.0956416059274543
2021-09-30,0.00033324253672157,1.0960067203155512
2021-10-04,0.0016465673239996457,1.0978113691681068
2021-10-05,0.001379923932220918,1.0993262653494862
2021-10-06,0.00046565113360556886,1.0998381678711486
2021-10-07,0.00043838513149579056,1.1003203205709948
2021-10-08,-0.0008389276815882357,1.0993972313954539
2021-10-11,-2.950861199215441e-05,1.0993647897091274
2021-10-12,0.0011702702239249573,1.1006513435877554
2021-10-13,0.0002735839292671852,1.1009524641070874
2021-10-14,0.0008884719390738724,1.1019306294777007
2021-10-15,0.0018698516937467973,1.103991076331621
2021-10-18,-0.0006106970529210133,1.103316872234854
2021-10-19,0.0,1.103316872234854
2021-10-20,-0.00011267166771075713,1.103192559682846
2021-10-21,-0.00017148001774708628,1.103003384203133
2021-10-22,-0.0005843688001430511,1.1023588234389525
2021-10-25,0.0004717775327289453,1.1028788915648566
2021-10-26,0.000486443206832494,1.1034153795096173
2021-10-27,-0.00010339937954926819,1.1033012870439909
2021-10-28,0.0006007484169064494,1.1039640935455532
2021-10-29,0.0013668128807014625,1.1054730058884432
2021-11-01,-0.002180873412890822,1.1030621092012325
2021-11-02,-0.0013277222976794557,1.1015975490431207
2021-11-03,-0.0006911832630776396,1.1008361432545748
2021-11-04,-0.0022913941224079453,1.098313693786187
2021-11-05,0.0011593555055735309,1.099587029813925
2021-11-08,0.00032926844715145835,1.0999490891277397
2021-11-09,0.00013911406346747354,1.1001021075151356
2021-11-10,-0.001557311493614118,1.098388905858953
2021-11-11,-0.000866614300333036,1.0974370263258084
2021-11-12,-0.0006148930117910673,1.0967622199674398
2021-11-15,0.0012225724828084262,1.0981030912777558
2021-11-16,0.001274875059559924,1.0995030355216515
2021-11-17,-0.0021879407215108153,1.097097388056809
2021-11-18,-0.0003078103917120576,1.096759690080045
2021-11-19,-0.0012897923978173584,1.0953450977695471
2021-11-22,0.0007399731845005291,1.0961556237696708
2021-11-23,0.00027298571528539797,1.0964548585966898
2021-11-24,-0.0011414843718714027,1.0952032725111391
2021-11-25,-6.047894481300397e-05,1.095137035772862
2021-11-26,-0.00017757507772748002,1.0949425667286123
2021-11-29,-0.0005100383213274605,1.094384104059928
2021-11-30,-0.00041897857839450837,1.0939255805637915
2021-12-01,3.262642347335094e-05,1.0939612714430313
2021-12-02,-0.0010913218616939004,1.0927674075916591
2021-12-03,-0.00047668188766438,1.0922465051610302
2021-12-06,-0.0013679631470751216,1.0907523521944482
2021-12-07,9.931356072054483e-06,1.0907631848444441
2021-12-08,0.00030238451991665947,1.091093014746436
2021-12-09,-0.0009604834880923912,1.090045037921799
2021-12-10,0.0005337649644990499,1.0906268657727676
2021-12-13,0.0005469221347634078,1.0912233537464262
2021-12-14,-0.00025213331445670913,1.0909482199854335
2021-12-15,0.0002310614166793593,1.0912002960266671
2021-12-16,-6.817191984778779e-05,1.0911259068075485
2021-12-17,-0.00020786991986235362,1.0908990945527408
2021-12-20,-0.00025769387407382593,1.090617976538842
2021-12-21,-0.0004316403812949516,1.0901472217796015
2021-12-22,-0.0005508677509759237,1.0895466948313073
2021-12-23,1.7609814008705758e-05,1.0895658815459572
2021-12-24,0.0005033364894311054,1.0901142998117785
2021-12-29,-0.0011737353961751486,1.0888347940722127
2021-12-30,0.0007025602618512673,1.089599766130249
2021-12-31,0.00010900067779424412,1.0897185332432815
2022-01-04,-0.0008388794696392239,1.0888043907380582
2022-01-05,0.0008218273165235548,1.0896991999287176
2022-01-06,-0.00020003866247712235,1.0894812179582614
2022-01-07,0.0003389184809299902,1.0898504632776536
2022-01-10,0.0015502507910679776,1.0915400048204957
2022-01-11,-0.0006023412371696464,1.090882525263572
2022-01-12,0.0,1.090882525263572
2022-01-13,0.0,1.090882525263572
2022-01-14,0.0,1.090882525263572
2022-01-17,-1.110917400238739e-05,1.0908704064597827
2022-01-18,0.00017874476815707386,1.0910653938376749
2022-01-19,-0.0004135534622471192,1.0906141799665152
2022-01-20,0.00044905951831486544,1.0911039306448382
2022-01-21,0.000843516773652089,1.0920242951121348
2022-01-24,0.0,1.0920242951121348
2022-01-25,-0.0005295961868415079,1.091445963209505
2022-01-26,-0.00011981260601445498,1.0913151942243289
2022-01-27,0.0004220295488345632,1.0917757614833838
2022-01-28,0.0012462914558456957,1.0931364322866202
2022-01-31,0.0014697803500829316,1.0947431027347547
2022-02-01,0.002325362874016868,1.0972887777024403
2022-02-02,-0.0008366692601130653,1.0963707099126696
2022-02-03,0.00014109540599460836,1.0965254027831053
2022-02-04,-0.002380696207806773,1.0939149089149358
2022-02-07,-0.0003399723331994013,1.0935430081110304
2022-02-08,0.0006203330496891145,1.094221368980218
2022-02-09,0.0014785215230597557,1.0958391988252472
2022-02-10,0.0017365370422242818,1.0977421641863285
2022-02-11,0.00014008261956607602,1.097895938784296
2022-02-14,0.00023926022003782456,1.098158621608188
2022-02-15,0.00010468779497156324,1.0982735854128132
2022-02-16,-1.59014039251578e-05,1.0982561213209112
2022-02-17,1.1926652492179842e-05,1.0982692198400177
2022-02-18,0.0007121486316971357,1.099051350762162
2022-02-21,0.0024573371659784714,1.1017520904937086
2022-02-22,0.0,1.1017520904937086
2022-02-23,0.0003547780128843086,1.102142967911065
2022-02-24,0.000492933414407219,1.1026862510074025
2022-02-25,3.796738063777116e-05,1.1027281171160184
2022-02-28,0.00010416602305227339,1.1028429839184863
2022-03-01,0.0,1.1028429839184863
2022-03-02,-0.0034477148079751388,1.0990406958319592
2022-03-03,-0.0031334670180137984,1.0955968880601148
2022-03-04,0.0003723310177729307,1.0960048127645152
2022-03-07,0.000831199081925004,1.0969158109586705
2022-03-08,-0.001953156042245593,1.094773363214662
2022-03-09,0.0013191117096186097,1.0962174915774567
2022-03-10,0.000509161649312341,1.0967756434834732
2022-03-11,0.0006996296906604213,1.0975429802876475
2022-03-14,-0.0017555066312893517,1.0956162363076276
2022-03-15,-0.0003566745709680672,1.095225457856597
2022-03-16,0.0005940199033263367,1.0958760435771935
2022-03-17,0.0006138002973378397,1.0965486926185868
2022-03-18,-0.0005493759579241454,1.095946275130169
2022-03-21,0.0,1.095946275130169
2022-03-22,-0.0012257385581880918,1.0946029315230392
2022-03-23,-7.505805255277601e-05,1.0945207727586805
2022-03-24,-2.367502670439091e-05,1.094494859950157
2022-03-25,-0.0005071912984781296,1.0939397416809613
2022-03-28,-0.00033000851509916955,1.0935787322512012
2022-03-29,5.090567722421427e-05,1.0936344016171644
2022-03-30,0.000554345119980567,1.0942406525107438
2022-03-31,0.0001821777876213257,1.0944399988519435
2022-04-01,-0.0015156979805351232,1.0927811583558669
2022-04-04,-0.0007161144953378508,1.0919986019281362
2022-04-05,-0.0008354880595811051,1.091086250135146
2022-04-06,-4.682259602181775e-05,1.0910351626444308
2022-04-07,-7.92973438911972e-05,1.090948646453941
2022-04-08,0.0003876956808426241,1.0913716025321925
2022-04-11,0.0010062743839226234,1.092469821819161
2022-04-12,0.0003540332556203821,1.0928565924668467
2022-04-13,0.00025525539664738786,1.0931355500098354
2022-04-14,0.00019594455420444338,1.093349743967867
2022-04-19,-6.34041425190943e-05,1.0932804210648772
2022-04-20,0.0006688731211911934,1.094011686952452
2022-04-21,0.000943632872017711,1.095044032342632
2022-04-22,-0.0005122257903015164,1.0944831225477503
2022-04-25,0.00040133426151382166,1.0949223761234774
2022-04-26,-0.00022694101679802871,1.094673893326125
2022-04-27,-1.7936558748263253e-05,1.0946542586435273
2022-04-28,0.0005447058704538958,1.095250523244328
2022-04-29,0.0017923081627740068,1.0972135496974211
2022-05-04,0.0005838451121564055,1.0978541524654037
2022-05-05,0.0018888752038664707,1.0999278619514574
2022-05-06,0.0026139907978646065,1.1028030632609134
2022-05-09,0.0034297880057456457,1.1065854439799852
2022-05-10,0.0025927472345636557,1.1094545403296727
2022-05-11,0.0019400413588158904,1.1116069280236385
2022-05-12,0.004217199612433437,1.116294796329678
2022-05-16,-0.0004040610646150286,1.115843745065849
2022-05-17,-0.0010627455553220916,1.1146578870853463
2022-05-18,-0.0004473190441036476,1.1141592793847928
2022-05-19,-0.0022135999715248177,1.1116929764356724
2022-05-20,0.0014420697068849117,1.113296115200347
2022-05-23,-0.0009439808666713277,1.1122451849686583
2022-05-24,-0.0024426352363281583,1.1095283756884176
2022-05-25,-0.005131749701870886,1.1038345537772611
2022-05-26,0.0020306940681498204,1.1060761040578355
2022-05-27,-0.0002519553365455288,1.1057974222807927
2022-05-30,-0.002130032225778286,1.103442038136152
2022-05-31,-0.0003360859720264854,1.1030711867461902
2022-06-01,-0.0004432805495560491,1.10258221674433
2022-06-02,-0.001280575422127917,1.101170277056692
2022-06-03,0.0006642260936584007,1.1019017030882743
2022-06-06,0.0009260755004354807,1.1029221472593924
2022-06-07,-0.00041684969621401494,1.1024623944973597
2022-06-08,0.00048044982054201577,1.1029920723569502
2022-06-09,-0.000804762883699841,1.102104425276102
2022-06-10,0.0016460729764386484,1.1039185695877627
2022-06-14,-0.0013729775246550024,1.1024029142026694
2022-06-15,-0.000913280276102698,1.10139611136481
2022-06-16,-0.0007978138673516665,1.100517402273716
2022-06-17,-0.0017457250873765412,1.0985962014354724
2022-06-20,-0.002227927645564968,1.0961486085869816
2022-06-21,0.00015145275954772045,1.0963146233186265
2022-06-22,-0.00017510344082977892,1.0961226548558514
2022-06-23,0.0001106439713692641,1.0962439342194923
2022-06-24,0.00020241035839457897,1.0964658253471056
2022-06-27,1.4842693018905562e-05,1.096482099852757
2022-06-28,-0.000945618631068028,1.0954452459505035
2022-06-29,-0.0004785190967804782,1.0949210544808388
2022-06-30,0.0010842135468618146,1.0961081827208512
2022-07-01,-0.0003020494236244839,1.0957771038760302
2022-07-04,0.0008333394091648608,1.0966902581203506
2022-07-05,0.00080187081510977,1.0975696620315525
2022-07-06,-3.378432726228588e-05,1.0975325813788972
2022-07-07,0.0005570477629544138,1.098143959448124
2022-07-08,-0.0009294795420988142,1.0971232571035376
2022-07-13,-0.0017740761808498003,1.095176876865654
2022-07-14,-0.0002642317744209251,1.094887496336175
2022-07-15,-0.00022955621939873232,1.094636158101849
2022-07-18,-0.0004030096513799689,1.0941950091653845
2022-07-19,1.0129360021637884e-05,1.0942060926605661
2022-07-20,-0.0007603686635944689,1.0933740926361928
2022-07-21,0.0005490387748452252,1.0939743974084613
2022-07-22,0.00012558766886629452,1.0941117871028312
2022-07-25,0.000685483870967741,1.094861783085926
2022-07-26,-0.0009142099921813552,1.0938608495037714
2022-07-27,-0.0004480286738351255,1.093370768478008
2022-07-28,-0.00031519562183888615,1.093026142798737
2022-07-29,-4.762639737172792e-05,1.0929740859013224
2022-08-01,0.0010051934545111283,1.0940727362984208
2022-08-02,0.00020760245153605403,1.094299868480635
2022-08-03,-5.3861493666382585e-05,1.0942409278551999
2022-08-04,-0.00010727170965989508,1.0941235467600892
2022-08-05,-0.0007647590645519032,1.0932868058599647
2022-08-08,-0.00033863447397415835,1.0929165812575594
2022-08-09,-0.0007540322580645155,1.0920924868999178
2022-08-10,0.000449187890604599,1.0925830416204534
2022-08-11,-0.00020545314900153577,1.0923585669940068
2022-08-12,-3.19420314662042e-05,1.0923236748422875
2022-08-15,-0.00031279084060617724,1.0919820060018195
2022-08-16,-0.00040506125820217407,1.0915396863965343
2022-08-17,-0.00037540812887702356,1.0911299135252692
2022-08-18,-0.0006387938977558722,1.0904329063948504
2022-08-19,-0.0004633848650641529,1.0899276162896592
2022-08-22,0.0003071091905558764,1.0902623430776623
2022-08-23,-0.00040637177069389996,1.089819291238785
2022-08-24,0.000799373040752351,1.090690463399493
2022-08-25,0.0003008684863523574,1.0910186177882948
2022-08-26,0.0005132734796602378,1.0915786087106212
2022-08-29,9.626318561579541e-06,1.0915891165940437
2022-08-30,-0.000148010158415984,1.0914275503159714
2022-08-31,0.00027898311323116935,1.091732040171825
2022-09-01,-0.00014361467079098517,1.0915752514342838
2022-09-02,1.7688387376968885e-05,1.0915945596401824
2022-09-05,-0.0005365579401446301,1.0910088559117888
2022-09-06,-0.000295691566801953,1.0906862537937894
2022-09-07,0.00034311173518938957,1.0910604810468756
2022-09-08,-0.0014154502616229884,1.0895161392035313
2022-09-09,-0.00010576254346746243,1.0894009092055001
2022-09-12,-0.0012754609262998165,1.088011420912733
2022-09-13,-0.0006496545392536363,1.0873045893543773
2022-09-14,0.000324552863384581,1.0876574771722236
2022-09-15,-0.00048214442259765343,1.0871330691859085
2022-09-16,0.0003920940356539185,1.0875593275782984
2022-09-19,-0.00019720194704526928,1.0873448587613728
2022-09-20,-0.00011733029112313741,1.087217280272543
2022-09-21,3.661890273629321e-05,1.0872570929763825
2022-09-22,0.0001619486504279124,1.0874331727952582
2022-09-23,0.0,1.0874331727952582
2022-09-26,0.0,1.0874331727952582
2022-09-27,-0.0006918557878417824,1.0866808258607685
2022-09-28,-0.00023081093691142108,1.086430008041228
2022-09-29,-0.000120174356837116,1.086299447013763
2022-09-30,-9.535979437025032e-05,1.0861958577218713
2022-10-04,0.0,1.0861958577218713
2022-10-05,-0.0006445843566681585,1.0854957128637062
2022-10-06,-0.0005019441672057507,1.0849508546221074
2022-10-07,-0.0006611555818680914,1.0842335333085213
2022-10-11,0.001122305542210431,1.0854503746120039
2022-10-12,0.0,1.0854503746120039
2022-10-13,0.00011189175123601475,1.085571827555299
2022-10-14,-0.00023667225039755168,1.0853149028279032
2022-10-17,2.8985507246376997e-05,1.0853463612308838
2022-10-18,-0.000460955506680357,1.084846064849019
2022-10-19,1.6752866888083085e-05,1.0848642391307377
2022-10-20,-0.00020653410992836497,1.0846401776607157
2022-10-21,-0.0001769097417887469,1.084448294246952
2022-10-24,-0.0006111019303109346,1.0837855858010152
2022-10-25,-1.5501243731984983e-05,1.0837687857764966
2022-10-26,6.482546092553708e-05,1.0838390415875712
2022-10-27,3.225806451612822e-05,1.0838740041372998
2022-10-28,0.00022178122083675293,1.0841143870371706
2022-11-04,-0.00067202529068062,1.0833858347510907
2022-11-07,-0.00013550135501355,1.0832390345024796
2022-11-08,-0.0005386057299969034,1.0826555957515402
2022-11-09,2.6072788338938214e-05,1.0826838236017322
2022-11-10,5.2388321900618215e-05,1.0827405435903996
2022-11-11,-0.0007391014972064996,1.0819402884335458
2022-11-14,0.0,1.0819402884335458
2022-11-15,0.0,1.0819402884335458
2022-11-16,0.00031061535307194297,1.0822763556982402
2022-11-17,-0.0001455729923775777,1.0821188054905617
2022-11-18,0.00033786907222270934,1.0824844199674075
2022-11-21,0.0005994300201441711,1.0831332936250744
2022-11-22,0.00047801004993279484,1.083651042224844
2022-11-23,0.0007953368786785112,1.0845129098623438
2022-11-24,-0.001023108364116957,1.0834033356332708
2022-11-25,-3.1085845759977045e-05,1.0833696571242835
2022-11-28,0.00020393426736740314,1.0835905933215972
2022-11-29,-0.00019522113342709623,1.083379053537798
2022-11-30,0.0011808331330356498,1.0846583434198522
2022-12-01,0.0003670601502021967,1.085056478274306
2022-12-02,0.0008377227560266022,1.0859654547777304
2022-12-05,6.152062231153307e-05,1.0860322640483173
2022-12-06,-0.00017017199228770786,1.0858474517742553
2022-12-07,0.0004096344228419134,1.0862922522684573
2022-12-08,0.0003439539530478923,1.0866658867827903
2022-12-09,0.00018779965753057843,1.0868699622641782
2022-12-12,-4.473990387815271e-05,1.0868213358065386
2022-12-13,-0.0004020417032297468,1.0863843883055846
2022-12-14,0.00015418150059607905,1.0865518886807977
2022-12-15,0.0006578958070455529,1.0872667266124982
2022-12-16,0.0008792171847402193,1.0882226702029323
2022-12-19,-0.0004987944022339611,1.0876798708266509
2022-12-20,0.0004630751706641085,1.0881835483684617
2022-12-21,0.0016751829504293003,1.0900064548956263
2022-12-22,0.001280286198941587,1.0914019751165864
2022-12-23,0.0011806695357381358,1.0926905601798511
2022-12-28,0.002050627088598981,1.0949312610420123
2022-12-29,0.0006813439024792171,1.0956772857803574
2022-12-30,-0.000964265139673005,1.0946207623693478
2023-01-03,0.0023819670245881436,1.0972281129297412
2023-01-04,0.0007979761576704811,1.0981036748033848
2023-01-05,-8.898833624087028e-05,1.098005956384344
2023-01-06,-0.0010414324632071995,1.0968624573365706
2023-01-09,-0.00011625937578880783,1.0967349367919546
2023-01-10,-0.0014180993569860856,1.0951796576833057
2023-01-11,0.0014525797389981188,1.0967704934646194
2023-01-12,0.002750701540840949,1.0997873817509416
2023-01-13,0.0016389255927771232,1.1015898514375067
2023-01-16,-0.0012410067037837594,1.1002227710470525
2023-01-17,0.00020555712173695205,1.1004489296731383
2023-01-18,0.0002516006235999968,1.100725803310084
2023-01-19,0.0012229047331648068,1.1020718861048686
2023-01-20,-0.00015713586016368342,1.1018987110910834
2023-01-23,-0.0008111190859259051,1.1010049400157602
2023-01-24,-0.000520408515027936,1.1004319676698882
2023-01-25,0.0,1.1004319676698882
2023-01-26,0.0,1.1004319676698882
2023-01-27,0.0027815724171046394,1.103492898878059
2023-01-30,0.0013391001885077114,1.1049705864269634
2023-01-31,-0.0001866021850040546,1.1047643965011709
2023-02-01,-0.0003101171248972895,1.104421790142839
2023-02-02,0.001727417922599222,1.1063295881372408
2023-02-03,0.0016687064726146332,1.1081757274818105
2023-02-06,4.404008206768601e-05,1.108224531631794
2023-02-07,-0.0001135066762119043,1.108098740748712
2023-02-08,-9.923048279647276e-05,1.1079887835756812
2023-02-09,-0.0002733772313328452,1.1076858846696795
2023-02-10,-0.0016275805431895977,1.1058830366758254
2023-02-13,0.0016050954020716823,1.107658084453223
2023-02-14,-0.00016131113267687,1.107479406873001
2023-02-15,-5.282051004662902e-05,1.1074209092458638
2023-02-16,-0.0005462825714323252,1.106815944503903
2023-02-17,0.0,1.106815944503903
2023-02-20,0.0,1.106815944503903
2023-02-21,0.00011850689399863424,1.1069471098237142
2023-02-22,-0.00010309670580406891,1.1068329872231921
2023-02-23,0.0019392034729166028,1.108979361595954
2023-02-24,0.001233607461234539,1.1103474068107737
2023-02-27,0.0020863536808336685,1.1126639842099777
2023-02-28,0.0018705233528568657,1.1147452481763251
2023-03-01,0.0013082198969457904,1.1162035800900152
2023-03-02,-0.0004172775798889866,1.1157378133614517
2023-03-03,-3.343040519425257e-05,1.1157005137942606
2023-03-06,-9.04325054059322e-05,1.1155996182015155
2023-03-07,-0.0002155604590189686,1.1153591390357347
2023-03-08,-8.978255880718026e-05,1.1152589992382431
2023-03-09,-0.0010347412280656675,1.11410499477176
2023-03-10,-0.0006290353477857615,1.113404183348904
2023-03-13,-0.0006333473732355086,1.1126990117340305
2023-03-14,-0.0014850015474192197,1.1110466519797937
2023-03-15,-0.0021122849474031384,1.1086998048609542
2023-03-16,-0.0014626544724676597,1.1070781601327504
2023-03-17,0.00017774713586661965,1.1072749401048945
2023-03-20,0.0005793373506115381,1.1079164258350933
2023-03-21,-0.0009376430106152747,1.1068775957420631
2023-03-22,7.109099677885187e-05,1.1069562847736567
2023-03-23,0.00037522473534509423,1.1073716421526494
2023-03-24,-0.00045922434137364045,1.106863110139626
2023-03-27,-0.0005821762476814395,1.1062187207274679
2023-03-28,0.0009975558431207733,1.1073222356760992
2023-03-29,0.0018105990785042198,1.1093271522956216
2023-03-30,0.000493337566666533,1.1098744250535721
2023-03-31,0.001744084588478097,1.1118101399334541
2023-04-03,-0.0006947828771501975,1.1110376732855864
2023-04-04,-0.00030196490043752803,1.1107021789051903
2023-04-05,-0.000831137372028207,1.109779032815109
2023-04-06,-0.0007964834211656495,1.1088951122143145
2023-04-11,-7.93575792704145e-06,1.1088863122911374
2023-04-12,0.0003706938094478805,1.1092973695824853
2023-04-13,0.0004878226869727857,1.109838510005967
2023-04-14,0.000861907052383241,1.1107950876447474
2023-04-17,0.0009566324877945785,1.111857710312871
2023-04-18,0.0011999198429714056,1.1131918504420362
2023-04-19,0.0008101762320062594,1.1140937320209274
2023-04-20,0.0006246282358151319,1.1147896264232924
2023-04-25,0.0019406412752835428,1.1169530331855875
2023-04-26,0.0017453074742304823,1.1189024596627706
2023-04-27,-0.00013486512823933266,1.1187515587390608
2023-04-28,-0.0021839853098660107,1.1163082217693852
2023-05-02,0.0,1.1163082217693852
2023-05-03,0.0,1.1163082217693852
2023-05-04,-0.0004511526683509056,1.1158045963364318
2023-05-05,0.0011259423943256552,1.1170609280352306
2023-05-08,0.0,1.1170609280352306
2023-05-09,0.0,1.1170609280352306
2023-05-10,0.0,1.1170609280352306
2023-05-11,0.0012607452545827418,1.1184692572993309
2023-05-12,0.0020082989593052454,1.12071547794478
2023-05-15,0.0007971323436769147,1.1216088365003092
2023-05-16,0.0017464014217115965,1.1235676157669776
2023-05-17,0.0014044630393452637,1.1251456249555276
2023-05-18,-0.0007341814499506258,1.124319563909192
2023-05-19,0.001613382725701885,1.1261335216717718
2023-05-22,0.002305682407546522,1.1287300279212389
2023-05-23,0.0023399225898566287,1.1313711688114212
2023-05-25,0.0004073074249606123,1.1318319846888645
2023-05-26,0.004370070568815877,1.1367781703339979
2023-05-30,0.008274277515221548,1.1461841883885873
2023-06-08,0.004508188596276935,1.1513514028759138
2023-06-09,8.741753760314894e-05,1.1514520511804691
2023-06-13,0.010021716587166368,1.162991577301111
2023-06-14,0.012458025366566561,1.1774801558722314
2023-06-15,-0.0019196890254865233,1.1752197601392753
2023-06-16,-0.00037208508666267576,1.1747824783929763
2023-06-19,0.0029787285407389193,1.1782818364905256
2023-06-20,0.001785637098109944,1.1803858202497923
2023-06-21,0.00041088042761019955,1.1808708176803615
2023-06-22,0.0007147263427278247,1.1817148171611163
2023-06-23,0.002288994652074633,1.1844197560578753
2023-06-26,0.002879811656558068,1.1878306618776284
2023-06-27,0.005482057869465986,1.1943424183051679
2023-06-30,0.005184834910822409,1.2005348865710725
2023-07-03,0.00988843529024321,1.21240629811061
2023-07-04,-0.003133636890032657,1.2086070570091427
2023-07-05,0.0014974804345815585,1.2104169224301111
2023-07-06,0.0042815637042045145,1.2155993995921426
2023-07-07,0.009353325706154493,1.2269692967047336
2023-07-10,0.008249152416581522,1.2370907534437168
2023-07-11,0.0006709942984751716,1.237920834285974
2023-07-12,-0.00981627029669403,1.225769068770714
2023-07-13,-0.011071458483023064,1.2121980174160452
2023-07-14,-0.011005718933850677,1.198856906744193
2023-07-17,0.0022039189700829563,1.2014990902233813
2023-07-18,0.006054669299046549,1.2087737698777892
2023-07-19,0.000476261388217707,1.2093494621514722
2023-07-20,0.0009372389224924834,1.2104829115382958
2023-07-21,0.0072770564400267985,1.219291664005248
2023-07-24,0.0016632081604382053,1.2213195998507758
2023-07-25,0.0011462279837438536,1.2227195105532194
2023-07-26,0.00020556062534204218,1.2229708535404265
2023-07-27,-0.004839420144660608,1.21705238375547
2023-07-28,-0.0031832710773461634,1.213178176102646
2023-07-31,-0.005929995473285283,1.2059840350100688
2023-08-01,-0.0025961032367321927,1.2028531759533319
2023-08-02,0.0020662304140062096,1.2053385477690706
2023-08-03,0.005512444254304876,1.2119829093212124
2023-08-04,-0.0016828401873335958,1.2099433357750453
2023-08-07,0.0014826837414178805,1.2117372990870359
2023-08-08,0.0005252522544849157,1.2123737668352248
2023-08-09,-0.001975271596398008,1.2099789993693773
2023-08-10,-0.00035860407647684894,1.209545095967752
2023-08-11,0.0013275042936143808,1.2111507722759693
2023-08-14,-0.0019831399261887894,1.2087488908228345
2023-08-15,-0.0019541657674807433,1.2063867951189082
2023-08-16,0.001065381654166473,1.2076720574782565
2023-08-17,0.00016512982568058193,1.2078714801545871
2023-08-18,-0.0001617296504200357,1.2076761315223494
2023-08-21,0.0010089322610160017,1.2088945949323013
2023-08-22,0.00077960668865802,1.209837057244393
2023-08-23,-0.0006008747276463059,1.2091100967321249
2023-08-24,-9.112473108509072e-05,1.2089999168997079
2023-08-25,0.0014090196464224642,1.2107034215351427
2023-08-28,0.003049346758220077,1.2143952760887666
2023-08-29,0.0026865299643002425,1.2176577853864836
2023-08-30,0.00034481047729344606,1.2180776465486427
2023-08-31,-0.0012479849499812507,1.2165575039778413
2023-09-01,0.002526354511083952,1.2196309595160086
2023-09-04,0.0024422215559179285,1.2226095685356035
2023-09-05,-0.0009415055038303289,1.2214584748977917
2023-09-06,-3.860568669913962e-05,1.2214113196545937
2023-09-07,-0.0006859049063436718,1.2205735476377788
2023-09-08,0.0005755457192070098,1.221276043518099
2023-09-11,-0.0025111450810170453,1.2182092421888546
2023-09-12,-0.001961683140295482,1.2158195016571007
2023-09-13,0.004812985001160624,1.221671222682695
2023-09-14,-0.0003563083178113697,1.2212359310644223
2023-09-15,0.0012346114852411028,1.2227436829711036
2023-09-18,0.0015735210938024387,1.2246676959485723
2023-09-19,0.001463442443783516,1.226459926634354
2023-09-20,-0.0007368411577119265,1.2255562204821255
2023-09-21,-0.0012070931870192582,1.2240768599180725
2023-09-22,-0.0003806254020912324,1.2236109451710755
2023-09-25,-0.0010738666171858891,1.222296950224633
2023-09-26,-0.0005439674230353232,1.2216320605024353
2023-09-28,-0.001789748883745359,1.2194456458858036
2023-09-29,0.0008907213649626324,1.2205318321760048
2023-10-03,-0.00010522278736950487,1.2204034044145502
2023-10-04,0.0011568489114525396,1.2218152267644802
2023-10-05,1.5354185403297948e-05,1.2218339867420005
2023-10-06,-0.001289231169987665,1.2202587602817423
2023-10-09,0.0015940129154879807,1.2222038685058687
2023-10-10,0.0003032021944138317,1.2225744434008208
2023-10-11,-0.0007435177560313573,1.221665437594082
2023-10-12,-4.167156408643885e-05,1.2216145288845073
2023-10-13,0.000988697113492424,1.222822335643016
2023-10-16,-0.0008408445288789717,1.2217941321722994
2023-10-17,0.0016720432366582317,1.2238370247875867
2023-10-18,-0.0008880719229240993,1.222750169487638
2023-10-19,-0.0010923086476971472,1.2214145489035335
2023-10-20,-0.00030457414696297375,1.221042537609213
2023-10-23,0.0010561176164055773,1.222332102143563
2023-10-24,0.0013623377028493889,1.223997331251716
2023-10-25,0.00021435950167340997,1.2242597067096928
2023-10-26,-0.0007964690903363012,1.2232846216947544
2023-10-27,0.0012726433758882651,1.2248414267653802
2023-10-30,0.002979415131597653,1.2284907378460925
2023-10-31,0.002508382115307442,1.2315722620417264
2023-11-01,0.000945816774087331,1.232737103745666
2023-11-02,-0.0008767435507571454,1.231656309440178
2023-11-03,0.000314680639595487,1.2320438878353945
2023-11-06,0.0002693837471822724,1.2323757804345927
2023-11-07,0.0014859024769392913,1.2342069706592607
2023-11-08,-0.0002132332616110372,1.233943796681404
2023-11-09,0.0009888116028328162,1.235163934624806
2023-11-10,0.0008984839638913486,1.236273709612843
2023-11-13,-6.943442389854783e-05,1.2361878696600352
2023-11-14,0.0007407991997671444,1.2371036366446413
2023-11-15,0.00048351274924822695,1.2377017920251003
2023-11-16,-0.00187860192126439,1.2353766430606496
2023-11-17,0.0006434772693385717,1.2361715798495312
2023-11-20,0.000632567102149044,1.2369535413235555
2023-11-21,0.0007693347802897337,1.2379051727044983
2023-11-22,0.0009543998016482723,1.239086629155787
2023-11-23,0.000744020930460661,1.2400085355425328
2023-11-24,-0.00010432756946947684,1.2398791684658983
2023-11-27,0.0012386065450137112,1.2414148909189862
2023-11-28,-0.0020664218124068325,1.2388496041101447
2023-11-29,-0.0010468190272675674,1.2375527527726393
2023-11-30,-0.0005284038830487464,1.2368988250925965
2023-12-01,-7.876310172743066e-05,1.2368014031046093
2023-12-04,0.0010949266736658904,1.238155609950896
2023-12-05,0.001918054981279341,1.2405304604861613
2023-12-06,0.0008520990309043922,1.241587515289349
2023-12-07,-0.00069486983000342,1.2407247735836655
2023-12-08,-0.001560199815860338,1.238788995020387
2023-12-11,0.000881766223268309,1.2398813173139525
2023-12-12,5.3784601984205186e-05,1.2399480038371118
2023-12-13,0.0008051468471149357,1.2409463440629875
2023-12-14,0.0010162880990500988,1.2422075030640185
2023-12-15,0.0009867573351316772,1.2434332604294225
2023-12-18,-0.0013338285115193122,1.2417747336944902
2023-12-19,0.0018047603024985157,1.2440158394385077
2023-12-20,0.0011840544474343163,1.2454888219258737
2023-12-21,0.0019984992409631027,1.2479779303911207
2023-12-22,0.0011088622004166286,1.2493617659450857
2023-12-27,-9.233007511920555e-05,1.249246412279385
2023-12-28,-0.0007315419933062986,1.2483325360688153
2023-12-29,0.004197781094992368,1.253572762788989
2024-01-02,0.002976597197720711,1.2573041439618458
2024-01-03,0.008559319697416842,1.2680658120869022
2024-01-04,0.0031949346709759024,1.2721171995150178
2024-01-05,0.005257514575336673,1.2788053742330043
2024-01-08,0.006902178156168995,1.2876319167530268
2024-01-09,0.01159504546772679,1.3025620673734744
2024-01-10,-0.011390759187036642,1.2877248965378545
2024-01-11,0.0027038125917781364,1.2912066633278598
2024-01-12,0.004283274071356143,1.2967372553496543
2024-01-15,0.008034180335116272,1.3071554763063973
2024-01-16,0.012103213377505449,1.3229762579537083
2024-01-17,0.002167805221655515,1.3258442127938268
2024-01-18,0.00227177561517072,1.328856233345967
2024-01-19,0.0007270659698202003,1.3298223994920164
2024-01-22,-0.0018830348332906427,1.3273182975916828
2024-01-23,-0.007000390045603653,1.3180265517938745
2024-01-24,0.001073662356093145,1.319441667286867
2024-01-25,0.0007344718119851128,1.3204107599990478
2024-01-26,0.004719567203047806,1.3266425273164906
2024-01-29,-0.014276474366754045,1.3077027492814108
2024-01-30,-0.012976596430800296,1.290733218452538
2024-01-31,0.0,1.290733218452538
2024-02-01,0.010547241553785268,1.3043468934890516
2024-02-02,0.009588882155464567,1.3168541221405645
2024-02-05,1.20190527123559e-05,1.3168699494796732
2024-02-06,-0.0038838625053603144,1.3117554076584532
2024-02-07,-0.002019252101242725,1.3091066427952223
2024-02-08,-0.009360356755892696,1.29685293758715
2024-02-09,0.0022642796413470945,1.2997893752915497
2024-02-12,0.0004176074367534844,1.3003321770008847
2024-02-13,0.00029710059567178524,1.300718506465243
2024-02-14,-0.0008655770720706041,1.2995926343488287
2024-02-15,-0.0015519844191370007,1.2975756868290942
2024-02-16,0.00037489759529587603,1.298062144833801
2024-02-19,-0.0025310094253521904,1.2947767373105337
2024-02-20,-0.006524712411506325,1.2863286914624739
2024-02-21,-0.003586608064909356,1.2817151346035502
2024-02-22,-0.0009168090440695715,1.2805400465762249
2024-02-23,0.0013179526452705285,1.2822277377179847
2024-02-26,0.000632869036596808,1.283039219951052
2024-02-27,-0.0019960907359351603,1.2804781572502661
2024-02-28,-0.004090674085614815,1.2752401384352068
2024-02-29,0.00027021147085261646,1.2755847229487036
2024-03-01,0.0009196782703316656,1.2767578505003665
2024-03-04,-0.000944560564504814,1.275551875384362
2024-03-05,-0.0017410337914912912,1.2733310964665177
2024-03-06,0.000290437006692975,1.2737009189387045
2024-03-07,-0.000505089845276305,1.2730575855386295
2024-03-08,-4.857737682165136e-05,1.2729957437405812
2024-03-11,-0.00029834671501338135,1.2726159496422103
2024-03-12,0.0007255559189012428,1.2735393036769613
2024-03-13,0.00035119854814478997,1.273986568831418
2024-03-14,0.00016890213611525136,1.274201747884276
2024-03-15,0.0005993230413462323,1.2749654063511064
2024-03-18,0.0002368899563850482,1.2752674328506095
2024-03-19,-0.0003190272626363191,1.274860587772378
2024-03-20,-0.0014698009307297032,1.2729867964939197
2024-03-21,0.0007762802381107414,1.2739749909874138
2024-03-22,-0.00028820268523626984,1.2736078279740874
2024-03-25,-0.0008057963828594171,1.2725815593931245
2024-03-26,0.00016977580123406227,1.272797612947006
2024-03-27,-2.926209408643705e-05,1.272760368223503
2024-03-28,0.0014803243394572341,1.2746444663748806
2024-04-02,-0.0005097401390136426,1.2739947289273978
2024-04-03,-0.001320282352396586,1.2723126961697488
2024-04-04,0.0004142412598979202,1.2728397405839944
2024-04-05,-3.499222482141713e-05,1.2727952010896302
2024-04-08,-0.0012794764165120012,1.2711666896467864
2024-04-12,-0.0015389960727483184,1.2692103691036114
2024-04-15,-0.0011623147016042042,1.2677351472321738
2024-04-16,-0.0024461970961384507,1.2646340171963417
2024-04-17,-0.0006883167560065898,1.2637635484120895
2024-04-18,-0.0005306495757096774,1.2630929328213272
2024-04-19,-0.0004924753151947041,1.2624708907311157
2024-04-22,0.00013285195492363563,1.2626386124569837
2024-04-23,-0.0009302420930744598,1.261464052871335
2024-04-24,0.0004316567182400373,1.2620085723045753
2024-04-25,-0.0011785795020380668,1.260521194869861
2024-04-26,0.0006947156780497213,1.261396898706451
2024-04-29,-0.00019691697752878543,1.2611485082416936
2024-04-30,0.001374132320958169,1.2628814931683967
2024-05-02,-0.0003005789797764613,1.2625018975376017
2024-05-03,0.000529485070903886,1.2631703734443356
2024-05-06,-0.0006273255040358694,1.2623779544531315
2024-05-07,0.0006141538070523529,1.2631532486797978
2024-05-08,-0.0002784961533042229,1.2628014653590067
2024-05-09,-0.0003240292759900134,1.2623922807144672
2024-05-10,-0.00021421953117094724,1.2621218516319388
2024-05-13,-0.0006388074492223973,1.2613155987912898
2024-05-14,6.744001948605531e-05,1.2614006619398503
2024-05-15,-0.0010681251169597453,1.2600533282102828
2024-05-16,-0.00024536550731403577,1.2597441545861638
2024-05-17,-0.0006246662105596522,1.2589572349788438
2024-05-20,-0.0001090776214942885,1.2588199109180893
2024-05-21,0.00032116538681458345,1.2592242003017091
2024-05-22,-0.00034369154110897547,1.2587914155957056
2024-05-23,-0.0008610675130806992,1.2577075112019913
2024-05-24,0.0,1.2577075112019913
2024-05-27,0.0,1.2577075112019913
2024-05-28,0.0,1.2577075112019913
2024-05-29,0.0,1.2577075112019913
2024-05-30,0.0,1.2577075112019913
2024-05-31,0.0,1.2577075112019913
2024-06-03,0.0,1.2577075112019913
2024-06-04,0.0,1.2577075112019913
2024-06-05,0.0020720506109965465,1.2603135448190323
2024-06-06,3.9741528460831774e-05,1.2603636316056432
2024-06-07,-9.596342388837574e-05,1.2602426827962099
2024-06-10,0.001240619136960599,1.2618061639857012
2024-06-11,0.0008854152552338224,1.2629233864124423
2024-06-13,0.000710343965215572,1.26382049641851
2024-06-14,0.0010439390205807767,1.2651398479497311
2024-06-19,0.0012050826207709376,1.2666644459933403
2024-06-20,-1.4481114694632317e-05,1.2666461032802183
2024-06-21,0.0007979388558061064,1.267656809422581
2024-06-24,0.0,1.267656809422581
2024-06-25,0.0,1.267656809422581
2024-06-26,0.0,1.267656809422581
2024-06-27,0.0,1.267656809422581
2024-06-28,0.0,1.267656809422581
2024-07-01,0.0,1.267656809422581
2024-07-02,0.0,1.267656809422581
2024-07-03,0.0,1.267656809422581
2024-07-04,0.0,1.267656809422581
2024-07-05,0.003051953766194302,1.2715256393963403
2024-07-08,0.0008419173882669706,1.2725961589417754
2024-07-09,0.0,1.2725961589417754
2024-07-10,0.0,1.2725961589417754
2024-07-11,-0.00011165261400489322,1.272454070254057
2024-07-12,-0.0003575197008678489,1.2719991428554918
2024-07-15,0.0013608062462604229,1.2737300872343273
2024-07-16,0.001221999520103302,1.2752865847896688
2024-07-17,0.0023037218049224754,1.278224490302574
2024-07-18,0.0004958397292270352,1.2788582847877368
2024-07-19,-0.0006151462653303882,1.2780715998899628
2024-08-14,0.0033073586593473955,1.282298641063125
2024-08-15,-0.0012863289679596992,1.2806491831755502
2024-08-16,-0.00023161831052404875,1.280352561375369
2024-08-19,0.0018493824385620778,1.2827204229175446
2024-08-20,0.0004102503870370312,1.283246659467507
2024-08-21,0.00032978480674836756,1.2836698547191099
2024-08-22,-0.00017434855280760813,1.2834460487376569
2024-08-23,0.002901194411067063,1.2871695752411607
2024-08-27,0.004510741152862945,1.2929756640149142
2024-08-28,0.0026733447569891084,1.296432233727223
2024-08-29,0.0,1.296432233727223
2024-08-30,0.0,1.296432233727223
2024-09-02,0.0019423128808530223,1.2989503107539444
2024-09-03,4.480952631937196e-05,1.299008516102082
2024-09-04,-0.003062277982337674,1.2950305909243534
2024-09-05,-0.00130518672545573,1.2933403341880199
2024-09-06,0.0034952324220520765,1.2978608592568215
2024-09-09,0.001877787254773148,1.3002979658368028
2024-09-10,0.00040957162143729085,1.3008305309830224
2024-09-11,0.0021135367377609765,1.303579884099856
2024-09-12,0.000878630825714966,1.304725249569808
2024-09-13,0.003282482488455855,1.3090079873537672
2024-09-17,0.00025286191690169785,1.3093389856226891
2024-09-18,0.0004542896826268848,1.3099338048149187
2024-09-19,0.0013975543868143094,1.3117645085502743
2024-09-20,0.0021431092908200462,1.3145757632559163
2024-09-23,0.0019259149024678424,1.3171075243087937
2024-09-24,-0.0005894766331904352,1.3163311201998145
2024-09-25,0.001063434762742699,1.317730952472315
2024-09-26,-0.0015227649771789617,1.3157243579285456
2024-09-27,-0.001085054889300752,1.3142967247810031
2024-09-30,0.0,1.3142967247810031
2024-10-02,-0.000749075746736554,1.3133122169804543
2024-10-03,0.0007331149783108496,1.3142750258379212
2024-10-04,0.0,1.3142750258379212
2024-10-07,0.0,1.3142750258379212
2024-10-08,0.0,1.3142750258379212
2024-10-09,-0.0071428571428571435,1.3048873470819362
2024-10-10,-0.0009277377176153711,1.3036767538728093
2024-10-11,0.0017719860937612437,1.3059868509514319
2024-10-14,-0.0014854450737180073,1.3040468792173454
2024-10-15,-0.0005282492890876896,1.3033580173804618
2024-10-16,-0.0002317638074660276,1.3030559461638622
2024-10-17,7.28224607142287e-05,1.3031508379043102
2024-10-18,-0.0007394239726733068,1.3021872569347543
2024-10-21,0.0015736409420554144,1.3042364321164899
2024-10-22,0.0007681192282017247,1.3052382411981196
2024-10-23,0.0017241056039336783,1.3074886097642378
2024-10-24,0.0015339426298783963,1.3094942222808355
2024-10-25,0.0020533175095581884,1.3121830296961101
2024-10-28,-0.0006258373203454602,1.3113618165850023
2024-10-29,0.00041317072662532315,1.3119036328996294
2024-10-30,0.00016862483536336472,1.3121248524337397
2024-10-31,0.0011987680300517196,1.3136977857582737
2024-11-01,0.0002208999929121831,1.3139879815898363
2024-11-04,-0.0016829848497125642,1.3117765597241162
2024-11-05,0.001987516755503538,1.3143837376160445
2024-11-06,-0.0008802471587162018,1.3132267550655452
2024-11-07,0.00199979755137573,1.3158529427147263
